<?xml version="1.0" encoding="UTF-8" ?>
<!DOCTYPE mapper
    PUBLIC "-//mybatis.org//DTD Mapper 3.0//EN"
    "http://mybatis.org/dtd/mybatis-3-mapper.dtd">

<mapper namespace="CartMapper">

    <!-- CartVO 매핑 정의 -->
    <resultMap id="cartMap" type="com.omiyami.shop.cart.CartVO">
        <result property="quantity" column="quantity"/>
        
        <!-- userVO에 대한 매핑 -->
        <association property="userVO" javaType="com.omiyami.shop.user.UserVO">
            <id property="user_id" column="user_id"/>
        </association>
        
        <!-- productVO에 대한 매핑 -->
        <association property="productVO" javaType="com.omiyami.shop.product.ProductVO">
            <id property="product_id" column="product_id"/>
            <result property="product_name" column="product_name"/>
            <result property="brand_name" column="brand_name"/>
            <result property="option" column="option"/>
            <result property="price" column="price"/>
            <result property="img_url" column="img_url"/>
        </association>
    </resultMap>

    <!-- 장바구니에 이미 있는 상품인지 확인 -->
    <select id="findCartItemById" resultMap="cartMap">
        SELECT *
        FROM cart
        WHERE user_id = #{user_id} AND product_id = #{product_id}
    </select>

    <!-- 장바구니에 상품 추가 -->
    <insert id="insertCartItem">
        INSERT INTO cart (user_id, product_id, quantity)
        VALUES (#{userVO.user_id}, #{productVO.product_id}, #{quantity})
    </insert>
    
    <!-- 장바구니 수량 업데이트 -->
    <update id="updateCartQuantity">
        UPDATE cart
        SET quantity = #{quantity}
        WHERE user_id = #{user_id} AND product_id = #{product_id}
    </update>

    <!-- 장바구니 상품 삭제 -->
    <delete id="deleteCartItem">
        DELETE FROM cart
        WHERE user_id = #{user_id}
        AND product_id IN
        <foreach item="product_id" collection="product_ids" open="(" separator="," close=")">
            #{product_id}
        </foreach>
    </delete>
    
    <!-- 장바구니에 있는 상품 리스트 가져오기 -->
	<select id="getCartItemsByUserId" parameterType="int" resultMap="cartMap">
		SELECT c.user_id, c.product_id, c.quantity, 
		       p.product_name, p.brand_name, p.option, p.price, 
		       (SELECT img_url 
		        FROM product_img i 
		        WHERE i.product_id = p.product_id 
		        LIMIT 1) AS img_url
		FROM cart c
		JOIN product p ON c.product_id = p.product_id
		WHERE c.user_id = #{user_id};
    </select>
</mapper>
