<?xml version="1.0" encoding="UTF-8"?>
<!DOCTYPE mapper PUBLIC "-//mybatis.org//DTD Mapper 3.0//EN" 
    "http://mybatis.org/dtd/mybatis-3-mapper.dtd">
    
<mapper namespace="NoticeMapper">
    <!-- 공지사항 등록 -->
    <insert id="insertNotice" parameterType="adnotice">
        INSERT INTO notice (
            title,
            content,
            write_date
        ) VALUES (
            #{title},
            #{content},
            NOW()
        )
    </insert>
    
    <!-- 공지사항 수정 -->
    <update id="updateNotice" parameterType="adnotice">
        UPDATE notice 
        SET 
            title = #{title},
            content = #{content}
        WHERE notice_id = #{noticeId}
    </update>
    
    <!-- 공지사항 상세 조회 -->
    <select id="getNoticeById" parameterType="long" resultType="adnotice">
        SELECT 
            notice_id as noticeId,
            title,
            content,
            write_date as writeDate
        FROM notice 
        WHERE notice_id = #{noticeId}
    </select>
    
    <!-- 공지사항 목록 조회 -->
    <select id="getNoticeList" resultType="adnotice">
        SELECT 
            notice_id as noticeId,
            title,
            content,
            write_date as writeDate
        FROM notice
        ORDER BY notice_id DESC
    </select>
    
    <!-- 여러 공지사항 삭제 -->
     <delete id="deleteNotice" parameterType="long">
        DELETE FROM notice 
        WHERE notice_id = #{noticeId}
    </delete>
</mapper>