<?xml version="1.0" encoding="UTF-8"?>
<!DOCTYPE mapper PUBLIC "-//mybatis.org//DTD Mapper 3.0//EN" 
    "http://mybatis.org/dtd/mybatis-3-mapper.dtd">

<mapper namespace="AdminMapper">
    <!-- 대시보드 요약 정보 조회 -->
    <resultMap id="dashboardSummaryResult" type="dashboardSummary">
        <result property="totalSales" column="total_sales"/>
        <result property="newOrderCount" column="new_order_count"/>
        <result property="customerCount" column="customer_count"/>
        <collection property="topProducts" ofType="product" column="no" 
            select="getTopProducts"/>
    </resultMap>

    <select id="getDashboardSummary" resultMap="dashboardSummaryResult">
        SELECT 
            COALESCE(SUM(total_price), 0) as total_sales,
            (SELECT COUNT(*) FROM `ORDER` WHERE DATE(date) = CURDATE()) as new_order_count,
            (SELECT COUNT(*) FROM USER WHERE status = '가입') as customer_count,
            1 as no
        FROM `ORDER`
        WHERE status != '주문취소' AND status != '주문환불'
    </select>

    <!-- 인기 상품 목록 조회 -->
    <select id="getTopProducts" resultType="product">
        SELECT 
            p.product_id,
            p.product_name,
            p.brand_name,
            p.content,
            p.price,
            p.stock,
            p.status,
            p.category,
            p.area,
            p.option,
            COUNT(op.product_id) as order_count
        FROM PRODUCT p
        LEFT JOIN ORDER_PRODUCT op ON p.product_id = op.product_id
        LEFT JOIN `ORDER` o ON op.order_id = o.order_id AND o.status != '주문취소' AND o.status != '주문환불'
        GROUP BY p.product_id
        ORDER BY COUNT(op.product_id) DESC
        LIMIT 5
    </select>

    <!-- 공지사항 관련 쿼리 -->
    <select id="getRecentNotices" resultType="notice">
        SELECT 
            notice_id as noticeId,
            title,
            content,
            write_date as writeDate
        FROM NOTICE
        ORDER BY write_date DESC
        LIMIT 3
    </select>

    <!-- FAQ 관련 쿼리 -->
    <select id="getRecentFaqs" resultType="faq">
        SELECT 
            faq_id as faqId,
            title,
            content,
            write_date as writeDate,
            update_date as updateDate
        FROM FAQ
        ORDER BY write_date DESC
        LIMIT 3
    </select>

    <!-- 리뷰 관련 쿼리 -->
    <select id="getRecentReviews" resultType="review">
        SELECT 
            r.user_id as userId,
            r.product_id as productId,
            r.status,
            r.content,
            r.write_date as writeDate,
            p.product_name as productName,
            pi.img_url as productImage,
            u.name as userName
        FROM REVIEW r
        JOIN PRODUCT p ON r.product_id = p.product_id
        LEFT JOIN PRODUCT_IMG pi ON p.product_id = pi.product_id
        JOIN USER u ON r.user_id = u.user_id
        ORDER BY r.write_date DESC
        LIMIT 3
    </select>
</mapper>